<?xml version="1.0" encoding="UTF-8"?>
<project-private xmlns="http://www.netbeans.org/ns/project-private/1">
    <editor-bookmarks xmlns="http://www.netbeans.org/ns/editor-bookmarks/2" lastBookmarkId="0"/>
    <open-files xmlns="http://www.netbeans.org/ns/projectui-open-files/2">
        <group>
            <file>file:/C:/Users/bohor/REPOSITORIO_CAMILA/ESPE2410-OOPSW1973/hw/bohorquez/U1/HW_15_REVERSE_CODE/Reverse%20Code/src/ec/edu/espe/view/Factur.java</file>
            <file>file:/C:/Users/bohor/REPOSITORIO_CAMILA/ESPE2410-OOPSW1973/hw/bohorquez/U1/HW_15_REVERSE_CODE/Reverse%20Code/src/ec/edu/espe/view/Menus.java</file>
            <file>file:/C:/Users/bohor/REPOSITORIO_CAMILA/ESPE2410-OOPSW1973/hw/bohorquez/U1/HW_15_REVERSE_CODE/Reverse%20Code/src/ec/edu/espe/view/SaleNote.java</file>
            <file>file:/C:/Users/bohor/REPOSITORIO_CAMILA/ESPE2410-OOPSW1973/hw/bohorquez/U1/HW_15_REVERSE_CODE/Reverse%20Code/src/ec/edu/espe/view/Orden.java</file>
            <file>file:/C:/Users/bohor/REPOSITORIO_CAMILA/ESPE2410-OOPSW1973/hw/bohorquez/U1/HW_15_REVERSE_CODE/Reverse%20Code/src/Reverse_code.java</file>
        </group>
    </open-files>
</project-private>
