[
  {
    "projectId": "Prj-0001",
    "projectTitle": "Netlife",
    "oldQuote": 35000.0,
    "newQuote": 50000.0,
    "changeDate": "Dec 30, 2024, 2:35:56 PM"
  },
  {
    "projectId": "Prj-0004",
    "projectTitle": "Build 5g Antenas",
    "oldQuote": 45000.0,
    "newQuote": 3500.45,
    "changeDate": "Dec 30, 2024, 2:37:17 PM"
  },
  {
    "projectId": "Prj-0005",
    "projectTitle": "Sistema de redes",
    "oldQuote": 35000.0,
    "newQuote": 60000.0,
    "changeDate": "Dec 30, 2024, 5:28:22 PM"
  },
  {
    "projectId": "Prj-0004",
    "projectTitle": "Build 5g Antenas",
    "oldQuote": 3500.45,
    "newQuote": 9800.0,
    "changeDate": "Dec 30, 2024, 11:21:04 PM"
  },
  {
    "projectId": "Prj-0004",
    "projectTitle": "Build 5g Antenas",
    "oldQuote": 9800.0,
    "newQuote": 56000.0,
    "changeDate": "Dec 31, 2024, 11:35:20 AM"
  }
]