[
  {
    "reportId": "RPT-0001",
    "project": {
      "projectId": "Prj-0001",
      "projectTitle": "Netlife",
      "projectDescription": "netlife 5g wifi",
      "customer": {
        "ruc": "0034934",
        "name": "netlife",
        "phoneNumber": "09903434",
        "email": "netlifeec@gmail.com",
        "address": "Ecuador-Quito",
        "customerId": "30330"
      },
      "startDate": "Dec 26, 2024, 2:15:22 AM",
      "closingDate": "Dec 30, 2024, 12:00:00 AM",
      "startquote": 50000.0,
      "operationalStatus": {
        "status": "Closed"
      },
      "quoteStatus": {
        "status": "Quote Sended"
      },
      "paid": false,
      "invoiced": false,
      "isPublic": true
    },
    "quoteChangeLogs": [
      {
        "projectId": "Prj-0001",
        "projectTitle": "Netlife",
        "oldQuote": 35000.0,
        "newQuote": 50000.0,
        "changeDate": "Dec 30, 2024, 2:35:56 PM"
      }
    ],
    "statusChangeLogs": [
      {
        "projectId": "Prj-0001",
        "projectTitle": "Netlife",
        "newStatus": "In Progress",
        "changeDate": "Dec 31, 2024, 1:11:02 AM"
      },
      {
        "projectId": "Prj-0001",
        "projectTitle": "Netlife",
        "oldStatus": "In Progress",
        "newStatus": "Closed",
        "changeDate": "Jan 2, 2025, 11:50:14 AM"
      },
      {
        "projectId": "Prj-0001",
        "projectTitle": "Netlife",
        "oldStatus": "Closed",
        "newStatus": "Closed",
        "changeDate": "Jan 2, 2025, 12:13:37 PM"
      },
      {
        "projectId": "Prj-0001",
        "projectTitle": "Netlife",
        "oldStatus": "Closed",
        "newStatus": "Closed",
        "changeDate": "Jan 2, 2025, 12:14:49 PM"
      }
    ],
    "quoteStatusChangeLogs": [],
    "supports": []
  },
  {
    "reportId": "RPT-0002",
    "project": {
      "projectId": "Prj-0002",
      "projectTitle": "Puntonet ",
      "projectDescription": "rebuild a antena ",
      "customer": {
        "ruc": "0092323",
        "name": "Celerity",
        "phoneNumber": "09902324",
        "email": "celerity@gmail.com",
        "address": "Guayaquil-Ecuador",
        "customerId": "93697"
      },
      "startDate": "Dec 26, 2024, 2:17:23 AM",
      "closingDate": "Dec 28, 2024, 12:00:00 AM",
      "startquote": 6000.0,
      "operationalStatus": {
        "status": "Closed"
      },
      "quoteStatus": {
        "status": "Quote Sended"
      },
      "paid": true,
      "invoiced": true,
      "isPublic": false
    },
    "quoteChangeLogs": [],
    "statusChangeLogs": [
      {
        "projectId": "Prj-0002",
        "projectTitle": "Puntonet ",
        "newStatus": "Closed",
        "changeDate": "Dec 31, 2024, 1:12:10 AM"
      }
    ],
    "quoteStatusChangeLogs": [],
    "supports": []
  },
  {
    "reportId": "RPT-0001",
    "project": {
      "projectId": "Prj-0004",
      "projectTitle": "Build 5g Antenas",
      "projectDescription": "Build a rele and control system for internet in Quito-Sur",
      "customer": {
        "ruc": "0349343",
        "name": "neetlife.EC",
        "phoneNumber": " netlife@gmail.com",
        "email": "netlife@gmail.com4",
        "address": "ecuador-Quito",
        "customerId": "47584"
      },
      "startDate": "Dec 28, 2024, 2:10:36 AM",
      "closingDate": "Dec 31, 2024, 12:00:00 AM",
      "startquote": 56000.0,
      "operationalStatus": {
        "status": "Created"
      },
      "quoteStatus": {
        "status": "Quote Rejected"
      },
      "paid": false,
      "invoiced": true,
      "isPublic": true
    },
    "quoteChangeLogs": [
      {
        "projectId": "Prj-0004",
        "projectTitle": "Build 5g Antenas",
        "oldQuote": 45000.0,
        "newQuote": 3500.45,
        "changeDate": "Dec 30, 2024, 2:37:17 PM"
      },
      {
        "projectId": "Prj-0004",
        "projectTitle": "Build 5g Antenas",
        "oldQuote": 3500.45,
        "newQuote": 9800.0,
        "changeDate": "Dec 30, 2024, 11:21:04 PM"
      },
      {
        "projectId": "Prj-0004",
        "projectTitle": "Build 5g Antenas",
        "oldQuote": 9800.0,
        "newQuote": 56000.0,
        "changeDate": "Dec 31, 2024, 11:35:20 AM"
      }
    ],
    "statusChangeLogs": [
      {
        "projectId": "Prj-0004",
        "projectTitle": "Build 5g Antenas",
        "newStatus": "Closed",
        "changeDate": "Dec 31, 2024, 11:35:39 AM"
      },
      {
        "projectId": "Prj-0004",
        "projectTitle": "Build 5g Antenas",
        "oldStatus": "Closed",
        "newStatus": "Created",
        "changeDate": "Dec 31, 2024, 1:59:08 PM"
      }
    ],
    "quoteStatusChangeLogs": [
      {
        "projectId": "Prj-0004",
        "projectTitle": "Build 5g Antenas",
        "oldQuoteStatus": "Quote Sended",
        "newQuoteStatus": "Quote Accepted",
        "changeDate": "Dec 31, 2024, 1:59:22 PM"
      },
      {
        "projectId": "Prj-0004",
        "projectTitle": "Build 5g Antenas",
        "oldQuoteStatus": "Quote Accepted",
        "newQuoteStatus": "Quote Rejected",
        "changeDate": "Dec 31, 2024, 2:00:27 PM"
      }
    ],
    "supports": []
  },
  {
    "reportId": "RPT-0001",
    "project": {
      "projectId": "Prj-0002",
      "projectTitle": "Puntonet ",
      "projectDescription": "rebuild a antena ",
      "customer": {
        "ruc": "0092323",
        "name": "Celerity",
        "phoneNumber": "09902324",
        "email": "celerity@gmail.com",
        "address": "Guayaquil-Ecuador",
        "customerId": "93697"
      },
      "startDate": "Dec 26, 2024, 2:17:23 AM",
      "closingDate": "Dec 28, 2024, 12:00:00 AM",
      "startquote": 6000.0,
      "operationalStatus": {
        "status": "Closed"
      },
      "quoteStatus": {
        "status": "Quote Sended"
      },
      "paid": true,
      "invoiced": true,
      "isPublic": false
    },
    "quoteChangeLogs": [],
    "statusChangeLogs": [
      {
        "projectId": "Prj-0002",
        "projectTitle": "Puntonet ",
        "newStatus": "Closed",
        "changeDate": "Dec 31, 2024, 1:12:10 AM"
      }
    ],
    "quoteStatusChangeLogs": [],
    "supports": [
      {
        "supportId": "SRV_UNKNOWN (2A 24*7)",
        "projectId": "Prj-0002",
        "supportDetails": "MANTEMIENTO ",
        "startDate": "Jan 3, 2025, 7:07:11 PM",
        "endDate": "May 3, 2025, 7:07:11 PM",
        "supportStatus": "Created",
        "durationYears": 2,
        "scheduleType": "24x7"
      }
    ]
  },
  {
    "reportId": "RPT-0001",
    "project": {
      "projectId": "Prj-0005",
      "projectTitle": "Sistema de redes",
      "projectDescription": "construccion de un sistema de red 5G en Quito-Sur",
      "customer": {
        "ruc": "454546",
        "name": "Puntonet",
        "phoneNumber": "0990600274",
        "email": "puntonetec@gmail.com",
        "address": "Ecuador-Quito",
        "customerId": "76704"
      },
      "startDate": "Dec 30, 2024, 5:27:35 PM",
      "closingDate": "Dec 31, 2024, 12:00:00 AM",
      "startquote": 60000.0,
      "operationalStatus": {
        "status": "Created"
      },
      "quoteStatus": {
        "status": "Quote Accepted"
      },
      "paid": true,
      "invoiced": true,
      "isPublic": false
    },
    "quoteChangeLogs": [
      {
        "projectId": "Prj-0005",
        "projectTitle": "Sistema de redes",
        "oldQuote": 35000.0,
        "newQuote": 60000.0,
        "changeDate": "Dec 30, 2024, 5:28:22 PM"
      }
    ],
    "statusChangeLogs": [],
    "quoteStatusChangeLogs": [],
    "supports": []
  },
  {
    "reportId": "RPT-0001",
    "project": {
      "projectId": "Prj-0001",
      "projectTitle": "Netlife",
      "projectDescription": "netlife 5g wifi",
      "customer": {
        "ruc": "0034934",
        "name": "netlife",
        "phoneNumber": "09903434",
        "email": "netlifeec@gmail.com",
        "address": "Ecuador-Quito",
        "customerId": "30330"
      },
      "startDate": "Dec 26, 2024, 2:15:22 AM",
      "closingDate": "Dec 30, 2024, 12:00:00 AM",
      "startquote": 50000.0,
      "operationalStatus": {
        "status": "Closed"
      },
      "quoteStatus": {
        "status": "Quote Sended"
      },
      "paid": false,
      "invoiced": false,
      "isPublic": true
    },
    "quoteChangeLogs": [
      {
        "projectId": "Prj-0001",
        "projectTitle": "Netlife",
        "oldQuote": 35000.0,
        "newQuote": 50000.0,
        "changeDate": "Dec 30, 2024, 2:35:56 PM"
      }
    ],
    "statusChangeLogs": [
      {
        "projectId": "Prj-0001",
        "projectTitle": "Netlife",
        "newStatus": "In Progress",
        "changeDate": "Dec 31, 2024, 1:11:02 AM"
      },
      {
        "projectId": "Prj-0001",
        "projectTitle": "Netlife",
        "oldStatus": "In Progress",
        "newStatus": "Closed",
        "changeDate": "Jan 2, 2025, 11:50:14 AM"
      },
      {
        "projectId": "Prj-0001",
        "projectTitle": "Netlife",
        "oldStatus": "Closed",
        "newStatus": "Closed",
        "changeDate": "Jan 2, 2025, 12:13:37 PM"
      },
      {
        "projectId": "Prj-0001",
        "projectTitle": "Netlife",
        "oldStatus": "Closed",
        "newStatus": "Closed",
        "changeDate": "Jan 2, 2025, 12:14:49 PM"
      }
    ],
    "quoteStatusChangeLogs": [],
    "supports": [
      {
        "supportId": "SVR_3727",
        "projectId": "Prj-0001",
        "supportDetails": "Mantenimiento 1",
        "startDate": "Jan 2, 2025, 5:51:58 PM",
        "endDate": "Feb 23, 2025, 12:00:00 AM",
        "supportStatus": "Created",
        "durationYears": 2,
        "scheduleType": "24x7"
      }
    ]
  },
  {
    "reportId": "RPT-0001",
    "project": {
      "projectId": "Prj-0002",
      "projectTitle": "Puntonet ",
      "projectDescription": "rebuild a antena ",
      "customer": {
        "ruc": "0092323",
        "name": "Celerity",
        "phoneNumber": "09902324",
        "email": "celerity@gmail.com",
        "address": "Guayaquil-Ecuador",
        "customerId": "93697"
      },
      "startDate": "Dec 26, 2024, 2:17:23 AM",
      "closingDate": "Dec 28, 2024, 12:00:00 AM",
      "startquote": 6000.0,
      "operationalStatus": {
        "status": "Closed"
      },
      "quoteStatus": {
        "status": "Quote Sended"
      },
      "paid": true,
      "invoiced": true,
      "isPublic": false
    },
    "quoteChangeLogs": [],
    "statusChangeLogs": [
      {
        "projectId": "Prj-0002",
        "projectTitle": "Puntonet ",
        "newStatus": "Closed",
        "changeDate": "Dec 31, 2024, 1:12:10 AM"
      }
    ],
    "quoteStatusChangeLogs": [],
    "supports": [
      {
        "supportId": "SRV_UNKNOWN (2A 24*7)",
        "projectId": "Prj-0002",
        "supportDetails": "MANTEMIENTO ",
        "startDate": "Jan 3, 2025, 7:07:11 PM",
        "endDate": "May 3, 2025, 7:07:11 PM",
        "supportStatus": "Created",
        "durationYears": 2,
        "scheduleType": "24x7"
      },
      {
        "supportId": "SRV_UNKNOWN (2A 24*7)",
        "projectId": "Prj-0002",
        "supportDetails": "gjhg",
        "startDate": "Jan 13, 2025, 3:28:57 AM",
        "endDate": "May 13, 2026, 3:28:57 AM",
        "supportStatus": "Created",
        "durationYears": 2,
        "scheduleType": "24x7"
      },
      {
        "supportId": "SRV_05 (5A 8*5)",
        "projectId": "Prj-0002",
        "supportDetails": "Generador",
        "startDate": "Jan 17, 2025, 9:18:14 PM",
        "endDate": "Jan 17, 2030, 9:18:14 PM",
        "supportStatus": "Created",
        "durationYears": 5,
        "scheduleType": "8x5"
      }
    ]
  },
  {
    "reportId": "RPT-0001",
    "project": {
      "projectId": "Prj-0001",
      "projectTitle": "Netlife",
      "projectDescription": "netlife 5g wifi",
      "customer": {
        "ruc": "0034934",
        "name": "netlife",
        "phoneNumber": "09903434",
        "email": "netlifeec@gmail.com",
        "address": "Ecuador-Quito",
        "customerId": "30330"
      },
      "startDate": "Dec 26, 2024, 2:15:22 AM",
      "closingDate": "Dec 30, 2024, 12:00:00 AM",
      "startquote": 50000.0,
      "operationalStatus": {
        "status": "Closed"
      },
      "quoteStatus": {
        "status": "Quote Sended"
      },
      "paid": false,
      "invoiced": false,
      "isPublic": true
    },
    "quoteChangeLogs": [
      {
        "projectId": "Prj-0001",
        "projectTitle": "Netlife",
        "oldQuote": 35000.0,
        "newQuote": 50000.0,
        "changeDate": "Dec 30, 2024, 2:35:56 PM"
      }
    ],
    "statusChangeLogs": [
      {
        "projectId": "Prj-0001",
        "projectTitle": "Netlife",
        "newStatus": "In Progress",
        "changeDate": "Dec 31, 2024, 1:11:02 AM"
      },
      {
        "projectId": "Prj-0001",
        "projectTitle": "Netlife",
        "oldStatus": "In Progress",
        "newStatus": "Closed",
        "changeDate": "Jan 2, 2025, 11:50:14 AM"
      },
      {
        "projectId": "Prj-0001",
        "projectTitle": "Netlife",
        "oldStatus": "Closed",
        "newStatus": "Closed",
        "changeDate": "Jan 2, 2025, 12:13:37 PM"
      },
      {
        "projectId": "Prj-0001",
        "projectTitle": "Netlife",
        "oldStatus": "Closed",
        "newStatus": "Closed",
        "changeDate": "Jan 2, 2025, 12:14:49 PM"
      }
    ],
    "quoteStatusChangeLogs": [],
    "supports": [
      {
        "supportId": "SVR_3727",
        "projectId": "Prj-0001",
        "supportDetails": "Mantenimiento 1",
        "startDate": "Jan 2, 2025, 5:51:58 PM",
        "endDate": "Feb 23, 2025, 12:00:00 AM",
        "supportStatus": "Created",
        "durationYears": 2,
        "scheduleType": "24x7"
      }
    ]
  },
  {
    "reportId": "RPT-0001",
    "project": {
      "projectId": "Prj-0002",
      "projectTitle": "Puntonet ",
      "projectDescription": "rebuild a antena ",
      "customer": {
        "ruc": "0092323",
        "name": "Celerity",
        "phoneNumber": "09902324",
        "email": "celerity@gmail.com",
        "address": "Guayaquil-Ecuador",
        "customerId": "93697"
      },
      "startDate": "Dec 26, 2024, 2:17:23 AM",
      "closingDate": "Dec 28, 2024, 12:00:00 AM",
      "startquote": 6000.0,
      "operationalStatus": {
        "status": "Closed"
      },
      "quoteStatus": {
        "status": "Quote Sended"
      },
      "paid": true,
      "invoiced": true,
      "isPublic": false
    },
    "quoteChangeLogs": [],
    "statusChangeLogs": [
      {
        "projectId": "Prj-0002",
        "projectTitle": "Puntonet ",
        "newStatus": "Closed",
        "changeDate": "Dec 31, 2024, 1:12:10 AM"
      }
    ],
    "quoteStatusChangeLogs": [],
    "supports": [
      {
        "supportId": "SRV_UNKNOWN (2A 24*7)",
        "projectId": "Prj-0002",
        "supportDetails": "MANTEMIENTO ",
        "startDate": "Jan 3, 2025, 7:07:11 PM",
        "endDate": "May 3, 2025, 7:07:11 PM",
        "supportStatus": "Created",
        "durationYears": 2,
        "scheduleType": "24x7"
      },
      {
        "supportId": "SRV_UNKNOWN (2A 24*7)",
        "projectId": "Prj-0002",
        "supportDetails": "gjhg",
        "startDate": "Jan 13, 2025, 3:28:57 AM",
        "endDate": "May 13, 2026, 3:28:57 AM",
        "supportStatus": "Created",
        "durationYears": 2,
        "scheduleType": "24x7"
      },
      {
        "supportId": "SRV_05 (5A 8*5)",
        "projectId": "Prj-0002",
        "supportDetails": "Generador",
        "startDate": "Jan 17, 2025, 9:18:14 PM",
        "endDate": "Jan 17, 2030, 9:18:14 PM",
        "supportStatus": "Created",
        "durationYears": 5,
        "scheduleType": "8x5"
      }
    ]
  },
  {
    "reportId": "RPT-0002",
    "project": {
      "projectId": "Prj-0003",
      "projectTitle": "Netlife",
      "projectDescription": "install routers",
      "customer": {
        "ruc": "0349343",
        "name": "neetlife.EC",
        "phoneNumber": " netlife@gmail.com",
        "email": "netlife@gmail.com4",
        "address": "ecuador-Quito",
        "customerId": "47584"
      },
      "startDate": "Dec 27, 2024, 11:23:48 PM",
      "closingDate": "Dec 29, 2024, 12:00:00 AM",
      "startquote": 59000.0,
      "operationalStatus": {
        "status": "Paused"
      },
      "quoteStatus": {
        "status": "Quote Sended"
      },
      "paid": false,
      "invoiced": false,
      "isPublic": true
    },
    "quoteChangeLogs": [],
    "statusChangeLogs": [
      {
        "projectId": "Prj-0003",
        "projectTitle": "Netlife",
        "newStatus": "Paused",
        "changeDate": "Dec 31, 2024, 1:15:12 AM"
      }
    ],
    "quoteStatusChangeLogs": [],
    "supports": []
  }
]