[
  {
    "projectId": "Prj-0001",
    "projectTitle": "Netlife",
    "newStatus": "In Progress",
    "changeDate": "Dec 31, 2024, 1:11:02 AM"
  },
  {
    "projectId": "Prj-0002",
    "projectTitle": "Puntonet ",
    "newStatus": "Closed",
    "changeDate": "Dec 31, 2024, 1:12:10 AM"
  },
  {
    "projectId": "Prj-0003",
    "projectTitle": "Netlife",
    "newStatus": "Paused",
    "changeDate": "Dec 31, 2024, 1:15:12 AM"
  },
  {
    "projectId": "Prj-0004",
    "projectTitle": "Build 5g Antenas",
    "newStatus": "Closed",
    "changeDate": "Dec 31, 2024, 11:35:39 AM"
  },
  {
    "projectId": "Prj-0004",
    "projectTitle": "Build 5g Antenas",
    "oldStatus": "Closed",
    "newStatus": "Created",
    "changeDate": "Dec 31, 2024, 1:59:08 PM"
  },
  {
    "projectId": "Prj-0001",
    "projectTitle": "Netlife",
    "oldStatus": "In Progress",
    "newStatus": "Closed",
    "changeDate": "Jan 2, 2025, 11:50:14 AM"
  },
  {
    "projectId": "Prj-0001",
    "projectTitle": "Netlife",
    "oldStatus": "Closed",
    "newStatus": "Closed",
    "changeDate": "Jan 2, 2025, 12:13:37 PM"
  },
  {
    "projectId": "Prj-0001",
    "projectTitle": "Netlife",
    "oldStatus": "Closed",
    "newStatus": "Closed",
    "changeDate": "Jan 2, 2025, 12:14:49 PM"
  }
]