[
  {
    "supportId": "SVR_3727",
    "projectId": "Prj-0001",
    "projectDescription": "Netlife",
    "supportDetails": "Mantenimiento 1",
    "startDate": "Jan 2, 2025, 5:51:58 PM",
    "endDate": "Feb 23, 2025, 12:00:00 AM",
    "supportStatus": "Created",
    "durationYears": 2,
    "scheduleType": "24x7"
  },
  {
    "supportId": "SRV_UNKNOWN (2A 24*7)",
    "projectId": "Prj-0002",
    "projectDescription": "Puntonet ",
    "supportDetails": "MANTEMIENTO ",
    "startDate": "Jan 3, 2025, 7:07:11 PM",
    "endDate": "May 3, 2025, 7:07:11 PM",
    "supportStatus": "Created",
    "durationYears": 2,
    "scheduleType": "24x7"
  },
  {
    "supportId": "SRV_UNKNOWN (2A 24*7)",
    "projectId": "Prj-0002",
    "projectDescription": "Puntonet ",
    "supportDetails": "gjhg",
    "startDate": "Jan 13, 2025, 3:28:57 AM",
    "endDate": "May 13, 2026, 3:28:57 AM",
    "supportStatus": "Created",
    "durationYears": 2,
    "scheduleType": "24x7"
  },
  {
    "supportId": "SRV_05 (5A 8*5)",
    "projectId": "Prj-0002",
    "projectDescription": "Puntonet ",
    "supportDetails": "Generador",
    "startDate": "Jan 17, 2025, 9:18:14 PM",
    "endDate": "Jan 17, 2030, 9:18:14 PM",
    "supportStatus": "Created",
    "durationYears": 5,
    "scheduleType": "8x5"
  }
]